{
    "AC": {
        "AC01": {
            "status": "Kosong",
            "waktu": null,
            "durasi": 0
        },
        "AC02": {
            "status": "Terisi",
            "waktu": "2025-05-08 23:14:57",
            "durasi": 1
        },
        "AC03": {
            "status": "Kosong",
            "waktu": null,
            "durasi": 0
        },
        "AC04": {
            "status": "Kosong",
            "waktu": null,
            "durasi": 0
        },
        "AC05": {
            "status": "Kosong",
            "waktu": null,
            "durasi": 0
        },
        "AC06": {
            "status": "Kosong",
            "waktu": null,
            "durasi": 0
        }
    },
    "NONAC": {
        "NO01": {
            "status": "Kosong",
            "waktu": null,
            "durasi": 0
        },
        "NO02": {
            "status": "Kosong",
            "waktu": null,
            "durasi": 0
        },
        "NO03": {
            "status": "Kosong",
            "waktu": null,
            "durasi": 0
        },
        "NO04": {
            "status": "Kosong",
            "waktu": null,
            "durasi": 0
        },
        "NO05": {
            "status": "Kosong",
            "waktu": null,
            "durasi": 0
        },
        "NO06": {
            "status": "Kosong",
            "waktu": null,
            "durasi": 0
        }
    },
    "PRIVATE": {
        "PR01": {
            "status": "Kosong",
            "waktu": null,
            "durasi": 0
        },
        "PR02": {
            "status": "Kosong",
            "waktu": null,
            "durasi": 0
        },
        "PR03": {
            "status": "Kosong",
            "waktu": null,
            "durasi": 0
        },
        "PR04": {
            "status": "Kosong",
            "waktu": null,
            "durasi": 0
        },
        "PR05": {
            "status": "Kosong",
            "waktu": null,
            "durasi": 0
        },
        "PR06": {
            "status": "Kosong",
            "waktu": null,
            "durasi": 0
        }
    }
}